{
  "lastModified": "2026-02-20T17:55:08.022Z",
  "files": [
    {
      "shortPath": "l0/README.md",
      "versionRef": "deabcd7239deec20d01222bae8c70a058a1be483",
      "Length": 14,
      "update_at": "2026-02-20T17:49:31.000Z"
    },
    {
      "shortPath": "l2/designSystem.defs.ts",
      "versionRef": "62b8983093c2a6484325eb5fe6823548ec8ed54c",
      "Length": 82,
      "update_at": "2026-02-20T17:54:20.000Z"
    },
    {
      "shortPath": "l2/designSystem.html",
      "versionRef": "407e94c1cf19a0a3117d9d391bd2a1dcb58b4471",
      "Length": 21,
      "update_at": "2026-02-20T17:54:20.000Z"
    },
    {
      "shortPath": "l2/designSystem.less",
      "versionRef": "8304d73c2da8927829b4bca394c06a289823a9f1",
      "Length": 137,
      "update_at": "2026-02-20T17:54:20.000Z"
    },
    {
      "shortPath": "l2/designSystem.test.ts",
      "versionRef": "b75be72f68c6908bbd3d25e793393c8feda70034",
      "Length": 256,
      "update_at": "2026-02-20T17:54:20.000Z"
    },
    {
      "shortPath": "l2/designSystem.ts",
      "versionRef": "94b971d3a8be53162a515ebe811180fd750213bf",
      "Length": 16168,
      "update_at": "2026-02-20T17:54:20.000Z"
    },
    {
      "shortPath": "l2/project.defs.ts",
      "versionRef": "de7d83e3ef2dbec408b80ef56cf77832112ee26b",
      "Length": 77,
      "update_at": "2026-02-20T17:54:20.000Z"
    },
    {
      "shortPath": "l2/project.html",
      "versionRef": "88a90cf32ef33346febb29387541246b1be9a2e0",
      "Length": 16,
      "update_at": "2026-02-20T17:54:20.000Z"
    },
    {
      "shortPath": "l2/project.less",
      "versionRef": "c10eeef71c4a8404b27a3b6bf3a975e46794f9f8",
      "Length": 126,
      "update_at": "2026-02-20T17:54:20.000Z"
    },
    {
      "shortPath": "l2/project.test.ts",
      "versionRef": "144f79c2c2b940e021503b3bb2a63832731206aa",
      "Length": 251,
      "update_at": "2026-02-20T17:54:20.000Z"
    },
    {
      "shortPath": "l2/project.ts",
      "versionRef": "b49f1c20a32cc5cc5e698537bc1968aee42167b7",
      "Length": 299,
      "update_at": "2026-02-20T17:54:20.000Z"
    },
    {
      "shortPath": "l5/project.json",
      "versionRef": "dd83bc42f62f3501e7ace249f2769b1dc75a71c1",
      "Length": 375,
      "update_at": "2026-02-20T17:54:20.000Z"
    },
    {
      "shortPath": "l0/package.json",
      "versionRef": "c5432149d5721684af9108995c2060edc712c6ad",
      "Length": 470,
      "update_at": "2026-02-20T17:49:34.000Z"
    },
    {
      "shortPath": "l0/tsconfig.json",
      "versionRef": "8a3b9f2a29f80701d30e14474980ed20a330a1bc",
      "Length": 1041,
      "update_at": "2026-02-20T17:49:35.000Z"
    }
  ]
}